0,1,2,3,4,5,6
1e-06,-1.25648451371375e-06,-2.04639819505752e-07,-1.14686645146054e-06,-2.09935113745295e-07,-1.15327904937022e-06,-1.89393580489139e-07
1e-06,-3.3851385159117e-07,3.87895606225578e-07,-7.85989778299329e-07,4.66419074348191e-07,-1.08353201225453e-06,4.55967520558122e-07
1e-06,-9.5690217964328e-07,-3.56528964052377e-07,-1.37720118833732e-06,-3.98917942003342e-07,-1.38976251049894e-06,-3.8827690395466e-07
1e-06,-1.57330378683409e-06,-2.03888568792189e-07,-1.24629229288419e-06,-2.00186838439205e-07,-1.073546165719e-06,-2.36267248742168e-07
1e-06,-3.93195161876946e-07,6.5448539094098e-07,-9.15671499767753e-07,7.45847339778639e-07,-1.28166479577486e-06,7.14613138141473e-07
1e-06,-1.79910828425979e-07,-2.77991591040682e-07,1.49109660840506e-07,-2.62576128069763e-07,4.2312032686814e-07,-3.14121994062455e-07
1e-06,-1.07119030526465e-06,-3.2258756203686e-07,-1.23070338307401e-06,-3.34320902328628e-07,-1.26774810144042e-06,-3.10092592766721e-07
1e-06,2.53092177684944e-06,2.75372445699328e-07,3.03842148622002e-06,2.50093168451413e-07,3.24164446877522e-06,2.53584063573223e-07
1e-06,-2.19371084531027e-06,-1.21070544590288e-06,-1.44889626069282e-06,-1.26850564056769e-06,-9.4897068904309e-07,-1.26337299650769e-06
1e-06,-1.78393730323905e-06,-1.28203368465718e-06,-8.43531895716066e-07,-1.36756495109274e-06,-2.90110218081442e-07,-1.32862199732158e-06
1e-06,1.02612732260136e-06,4.77581540983309e-07,6.39169400693883e-07,5.09509692534247e-07,3.87126423163918e-07,4.9880379525216e-07
1e-06,-1.55323332772124e-06,1.90789721579812e-07,-1.56804072145079e-06,2.69125751727878e-07,-1.63198052935587e-06,2.23346420554295e-07
1e-06,8.01757517451085e-06,1.01858259030087e-06,7.53386623343366e-06,8.59271203948787e-07,7.45199844025615e-06,8.88157320742049e-07
1e-06,5.12914937866353e-07,-4.89905453994658e-08,1.28699725001033e-07,-5.72550200647325e-08,6.47291999761142e-08,-5.30553175057565e-08
1e-06,1.02606009609993e-06,2.42701779963879e-07,1.9525783053734e-06,2.30661652395906e-07,2.29549948314305e-06,1.85675530120247e-07
1e-06,1.62059200374666e-06,-4.49681597267405e-07,1.2248268601306e-06,-5.35935943391007e-07,1.35196397564279e-06,-5.17184062366168e-07
1e-06,-6.87995405432785e-06,-7.09989762391647e-07,-6.43395688543655e-06,-5.78298209903052e-07,-6.39216830412307e-06,-5.97186371146999e-07
1e-06,6.28014898902898e-07,2.99511016427165e-07,1.22902933110254e-07,2.63634917577436e-07,-9.34559119734585e-08,2.70674615349214e-07
1e-06,4.11925761629075e-06,-5.70235546939533e-08,5.3490730321018e-06,-1.81248231747455e-07,5.93957889954902e-06,-1.669370375532e-07
1e-06,-4.99184454840913e-07,4.04441862888126e-07,-3.73177466008463e-07,4.41817222368263e-07,-4.73450773150111e-07,4.1784784664599e-07
1e-06,-3.61454071580101e-07,-5.60120215514385e-07,-9.8387141377573e-08,-5.76258345615102e-07,1.66569953948441e-07,-5.8734624400043e-07
1e-06,-3.42167504356155e-06,-5.58890877182678e-07,-3.53067949779152e-06,-4.92646570984589e-07,-3.61890246938644e-06,-4.83888091919721e-07
1e-06,5.78754599137454e-07,5.35311741933912e-07,1.44186237945992e-07,5.72534272127862e-07,-2.10062492829643e-07,5.94250614123888e-07
1e-06,-9.36744546182104e-07,-1.06691233225468e-07,-5.09068929838255e-07,-1.31611798832012e-07,-4.40161045088827e-07,-1.13197543510654e-07
1e-06,-1.16386133259573e-06,1.47547615858204e-07,-1.21995981303575e-06,2.05386224961394e-07,-1.25883144837908e-06,1.63324978476581e-07
1e-06,1.22239802690901e-06,-2.17703833694798e-07,1.58505240195908e-06,-2.67481392123345e-07,1.81705495005651e-06,-2.73811858014854e-07
1e-06,7.67283737243039e-06,6.20117523455196e-07,6.48287509244996e-06,4.82961039949794e-07,6.25161142859612e-06,5.4047124135808e-07
1e-06,-6.48976716025772e-07,-6.60959595602796e-07,-2.2230987372085e-07,-7.10048356481006e-07,1.56554236884932e-07,-7.17549628839854e-07
1e-06,-1.90692995198813e-06,2.34411267310684e-07,-2.16337677435659e-06,3.25215667485913e-07,-2.39753263788182e-06,3.14571768752463e-07
1e-06,1.08941195685439e-06,-4.16295635801935e-07,2.01100203702466e-06,-4.89571452263913e-07,2.46093741851248e-06,-4.76406813898632e-07
1e-06,4.08956826670878e-06,-1.20637708859238e-07,3.55828886199286e-06,-2.22675242461549e-07,3.58192719611742e-06,-1.72444531040758e-07
1e-06,-3.83720928795624e-06,2.69555667997837e-07,-3.96944749375545e-06,3.92457457612028e-07,-4.31036307498099e-06,3.7979560547284e-07
1e-06,9.2854300279045e-07,4.33838195428552e-07,7.96090958480308e-07,4.25253322906392e-07,6.38224479045558e-07,4.36768795515193e-07
1e-06,1.54341343048775e-06,-3.93967778038249e-07,1.6919083183787e-06,-4.82579776382325e-07,1.94065573023006e-06,-4.51226215785507e-07
1e-06,-2.77360306924279e-08,7.5682744990011e-07,-7.83117787227695e-07,8.59523328215779e-07,-1.21366524621864e-06,8.22244708792155e-07
1e-06,7.86806307636951e-07,4.60239380280951e-07,9.50169115489786e-07,4.94261111790131e-07,9.5643216648579e-07,4.75551512455092e-07
1e-06,-3.7761426467143e-06,2.55826297499796e-08,-3.59264967326073e-06,1.20229934944336e-07,-3.72718079127398e-06,9.01759521043709e-08
1e-06,1.84719381824039e-06,3.1778542557333e-07,1.1357633803764e-06,2.81641945586921e-07,8.11177208154533e-07,3.11487618331423e-07
1e-06,1.0062153802672e-06,-2.52793912937909e-07,1.22099792036851e-06,-3.17574665065537e-07,1.43275805816464e-06,-3.27907805307041e-07
1e-06,-8.88905575578446e-06,-3.35909966786195e-07,-8.53550376617508e-06,-1.15458291886017e-07,-8.80857402644363e-06,-1.53653002626038e-07
1e-06,3.48285922128852e-07,-2.15490674283887e-07,5.06001672937056e-07,-2.55100126843971e-07,6.3860303391207e-07,-2.28071553578269e-07
1e-06,-4.06792369155947e-06,-1.5504318496373e-07,-3.56903149805594e-06,-2.44967299491808e-08,-3.50932953664545e-06,-7.3146709877842e-08
1e-06,-4.27119784813549e-06,5.50779352644711e-07,-4.24077811341428e-06,7.39468045977888e-07,-4.62761874950478e-06,7.06118560082821e-07
1e-06,-2.1184516933412e-06,-2.52680421561048e-07,-2.92603746863485e-06,-2.10607965384872e-07,-3.14551536589755e-06,-2.14860392480497e-07
1e-06,-6.74463081093277e-07,6.46763617848068e-07,-1.0070175659404e-06,7.92145798052266e-07,-1.23453097620636e-06,7.15985702269463e-07
1e-06,-4.66387596405378e-06,-3.80396507408449e-07,-4.68501460592747e-06,-2.95055601162517e-07,-4.89119173962786e-06,-2.71161271702631e-07
1e-06,4.27708019730741e-06,9.77770812917226e-07,3.68994370439369e-06,9.70357455393609e-07,3.39489451409001e-06,9.80844822322477e-07
1e-06,2.95022693127666e-06,6.75633000624817e-07,2.36881576084416e-06,6.47035343057719e-07,2.14620957365628e-06,6.40743844503703e-07
1e-06,4.0647149860833e-06,1.39818892672976e-07,4.50724922101509e-06,4.90380110529646e-08,4.7281564685974e-06,8.57418604656285e-08
1e-06,4.03249863887349e-06,1.12094958720919e-07,3.86855246824104e-06,2.17035001921804e-09,3.9764641865882e-06,1.85978633400088e-08
2e-06,5.71177065988068e-06,1.05800358477222e-06,4.48661638925846e-06,1.0622349775993e-06,4.01042371457138e-06,1.08943924264409e-06
2e-06,-1.13461848123245e-05,-3.07127652045825e-06,-9.00669242058015e-06,-3.09862574130027e-06,-7.87909296102571e-06,-3.11093246876236e-06
2e-06,6.42604831707051e-06,-7.79553405305604e-08,4.58264547941799e-06,-2.28088068561208e-07,4.248910721e-06,-1.30070850716742e-07
2e-06,-8.70795289416054e-06,1.90866972812529e-07,-8.6146392279872e-06,4.51358715354415e-07,-9.0940643783819e-06,4.18818654114242e-07
2e-06,1.78942530889587e-05,2.61323256154295e-06,1.45049870544547e-05,2.43693033428865e-06,1.35762775108057e-05,2.48194023077955e-06
2e-06,6.89032026970883e-06,3.6468901308378e-07,6.73771664465832e-06,1.63973172757044e-07,6.82814308040829e-06,2.31994276268006e-07
2e-06,5.59593794126569e-06,1.3325268433355e-06,4.8055575475848e-06,1.39759824817989e-06,4.4968558711691e-06,1.35995805630432e-06
2e-06,-2.37109420459334e-05,1.12254229062658e-07,-2.16972669673192e-05,8.92760761412476e-07,-2.20151055713488e-05,6.05554748707734e-07
2e-06,-6.1460388380354e-06,-8.66323892897943e-07,-6.36887529668751e-06,-8.32486664431882e-07,-6.6029782606013e-06,-7.63285261664251e-07
2e-06,2.22830718602906e-06,-1.33753142270149e-06,1.53357756115381e-06,-1.51444974583821e-06,1.71862484384092e-06,-1.39712004491702e-06
2e-06,6.80039114861916e-06,4.24016467527231e-07,7.34704317371301e-06,2.92493789475073e-07,7.82373662290385e-06,2.84932245811715e-07
2e-06,-1.07114112262342e-05,-4.14782573620466e-07,-8.77470988471278e-06,-1.30097319839763e-07,-8.54472013377492e-06,-2.37901774064332e-07
2e-06,-4.38140854686118e-06,-1.76994968235523e-06,-3.31571510311349e-06,-1.85874025580526e-06,-2.72638377823267e-06,-1.81270464814237e-06
2e-06,-9.92665793707222e-06,-5.2932697576626e-07,-9.73450377026316e-06,-2.68393409838807e-07,-9.95735184641104e-06,-3.28883017331677e-07
2e-06,-1.32325356522367e-05,-1.02069258308929e-06,-1.13465463563789e-05,-7.30695404307389e-07,-1.10250385254144e-05,-8.29502965389074e-07
2e-06,-3.79339044069067e-06,1.34038764606405e-06,-5.02603642945499e-06,1.56941506816267e-06,-6.1363284231146e-06,1.57335270165307e-06
2e-06,6.18836020132541e-06,9.09430203241424e-07,5.53986728697616e-06,8.06433994223656e-07,5.42908726515248e-06,8.38265832806234e-07
2e-06,2.87397384089954e-07,1.35777000198711e-06,-6.18236193899546e-07,1.50993761955729e-06,-1.24799656004725e-06,1.47102752060204e-06
2e-06,2.4339792871177e-06,-1.82089484518231e-08,2.96430830823554e-06,-2.28479731314674e-07,2.97650570752493e-06,-9.17056286157762e-08
2e-06,6.37081082767717e-06,-1.11627231168286e-06,5.27489357466381e-06,-1.36660964013237e-06,5.57566252219625e-06,-1.2944420313361e-06
2e-06,9.81141376087485e-06,2.12542635171723e-06,7.63487592218605e-06,2.10023412562881e-06,6.7359187516073e-06,2.09917219149665e-06
2e-06,-1.8809026695354e-05,-2.36255960682931e-06,-1.70150420222249e-05,-2.05448716049851e-06,-1.66849986158413e-05,-2.11768225482317e-06
2e-06,7.89699083520428e-06,2.21287715872373e-07,6.08415492215056e-06,1.11167749629876e-07,5.8781608558781e-06,1.25652385028005e-07
2e-06,-6.7721872103428e-06,-4.34576744615807e-07,-6.8180232270657e-06,-3.26005653473941e-07,-7.0695203526246e-06,-3.296552309399e-07
2e-06,-4.63081729560742e-06,-1.07377868238282e-07,-4.01382758734299e-06,-6.87462833063363e-08,-3.97305872561873e-06,-1.0568325130544e-07
2e-06,9.99569826255175e-07,-2.35163653086647e-07,2.32572850090751e-07,-2.81538528191371e-07,1.08803935132196e-07,-2.57242951449375e-07
2e-06,5.2402389245435e-06,1.30747365490996e-06,5.40136483555945e-06,1.39783946288787e-06,5.41934407114299e-06,1.32073687532299e-06
2e-06,-4.28255150804489e-06,-1.54591113217434e-07,-4.43849655607334e-06,-1.63673940040799e-07,-4.66692568544177e-06,-1.72224539918995e-07
2e-06,-9.62648546575839e-06,-1.47932719100535e-06,-7.58651687178578e-06,-1.37786313800473e-06,-6.99768009766399e-06,-1.41567656169765e-06
2e-06,1.01431467497281e-06,1.73133702059125e-06,-9.65193869026139e-07,1.8521274175727e-06,-1.99323320321683e-06,1.77632157624249e-06
2e-06,-6.87810416642171e-06,4.93409105585781e-07,-7.46322141064515e-06,7.53204846290289e-07,-8.17253960594743e-06,7.6015489829064e-07
2e-06,4.10492258443559e-06,-1.73887180656766e-07,4.19087665975972e-06,-2.94295351764704e-07,4.4818205003722e-06,-2.71027488922076e-07
2e-06,4.51850870652932e-07,2.06485111753854e-06,-1.26364677733223e-06,2.3519559811099e-06,-2.40490916983861e-06,2.26970099686412e-06
2e-06,-1.98364426367451e-05,-3.2647428181049e-06,-1.74895753879282e-05,-3.04954160340563e-06,-1.6544496293339e-05,-3.15197640717428e-06
2e-06,-1.19600464403439e-05,9.5865742788133e-07,-1.39291705543759e-05,1.41406471716945e-06,-1.52254064425208e-05,1.25929723470351e-06
2e-06,1.88191624975035e-06,4.99635198379641e-07,1.87719399939587e-06,5.7358827916695e-07,1.8982428864577e-06,5.32000162353385e-07
2e-06,-1.31848642506682e-05,-7.51403041513853e-07,-1.3293197434726e-05,-5.25903663066554e-07,-1.37363495869137e-05,-5.72157951496321e-07
2e-06,-1.02556352997754e-05,-1.45392075067736e-06,-8.76071060156478e-06,-1.30058234589722e-06,-8.20950834510765e-06,-1.37140892872295e-06
2e-06,-8.06611349545391e-07,-5.12529019195863e-07,-2.79041197930917e-07,-4.86659904811689e-07,2.51846442395864e-07,-5.97828106209362e-07
2e-06,-2.22516264162693e-08,-8.25178324209333e-08,-1.27170497112963e-06,-3.50563391496514e-08,-1.73098722438257e-06,5.87866486622161e-08
2e-06,-4.07169352220581e-06,-1.60834904531966e-06,-4.28409997709954e-06,-1.68340364650214e-06,-4.03117673934383e-06,-1.67146239187694e-06
2e-06,7.13437248291636e-06,-4.73615164180559e-08,6.6164328712146e-06,-2.16092543507373e-07,6.6930754610736e-06,-1.16496816268464e-07
2e-06,-7.32742882930876e-06,-6.3827362167729e-07,-7.24722439612016e-06,-4.8027990685114e-07,-7.38125767008897e-06,-5.50079289017981e-07
2e-06,-1.05925888575384e-06,7.61693835968267e-08,-3.01272770113303e-06,1.66090394949392e-07,-3.54535972120911e-06,1.29603472576258e-07
2e-06,-1.12461510212617e-05,-5.0778690936432e-07,-1.09259591297166e-05,-2.10324736893708e-07,-1.1128929104357e-05,-3.4566417199345e-07
2e-06,9.60465130000203e-07,5.46454204924247e-07,9.79217245871169e-07,5.50210338480247e-07,8.3500866978033e-07,5.54934790682529e-07
2e-06,-2.99546480101871e-06,-1.08653122104728e-06,-3.39055388988e-06,-1.05440466796299e-06,-3.24631706621309e-06,-1.04991798553242e-06
2e-06,3.36997261474777e-06,-1.64833437407612e-06,4.06217477140434e-06,-1.92845995331238e-06,4.87117986074225e-06,-1.81225135136816e-06
2e-06,9.75743890976288e-06,1.35285958806911e-06,8.57929676391468e-06,1.22988057247235e-06,8.27803037237375e-06,1.27347000183838e-06
2e-06,4.20760004618789e-06,-1.02521861510239e-06,4.50770628134855e-06,-1.29124472400215e-06,5.07487615202456e-06,-1.22815016660497e-06
5e-06,7.99683947718838e-06,4.60696468345865e-06,5.51833778775244e-06,4.63768082598038e-06,3.29945927217701e-06,4.78502977564634e-06
5e-06,1.43288302734183e-05,4.00296563168128e-06,1.20059527048377e-05,4.12800667231278e-06,1.07077744660924e-05,4.0714547743768e-06
5e-06,-2.34978454732743e-05,-3.61103825402818e-06,-2.0690598459695e-05,-3.36589109271646e-06,-2.00903537694005e-05,-3.34775783490971e-06
5e-06,4.59918427059719e-06,4.06064490937082e-07,6.22030755057168e-06,4.0580053537212e-07,6.55932276020725e-06,4.52466110766364e-07
5e-06,1.98517274413272e-05,3.21049912312938e-06,1.65494203890501e-05,2.9655601755436e-06,1.52463085233346e-05,3.08114939629897e-06
5e-06,-2.12752836264556e-05,3.13785642312503e-06,-2.16104565986785e-05,4.06898710216997e-06,-2.37110890372428e-05,3.75848470413259e-06
5e-06,8.30060163020499e-06,-3.32827138434034e-07,8.89812215216077e-06,-5.58348824844159e-07,1.0166486221519e-05,-6.85576018105345e-07
5e-06,4.05080841193109e-06,-2.71007432301903e-06,9.4135099616512e-06,-3.2245478858477e-06,1.20954507322706e-05,-3.09910098023525e-06
5e-06,7.65153414951216e-06,3.03895387205928e-06,1.04265402871734e-05,2.9402648545645e-06,1.02840203640041e-05,3.02788393274944e-06
5e-06,-2.05510296773371e-06,-2.30512197097947e-06,-2.89646608500791e-08,-2.34235087413418e-06,1.27194540595513e-06,-2.33548502657625e-06
5e-06,-1.21513317850647e-06,7.91260228207819e-07,-1.92970533819747e-07,9.69733017037551e-07,-4.38562923835525e-07,9.16587124224002e-07
5e-06,1.14398802976624e-05,5.18741986529794e-06,6.35389437682989e-06,5.43016537797196e-06,3.65605569598721e-06,5.30989729616796e-06
5e-06,-8.02363444285955e-06,3.43655825940229e-06,-3.30061066385086e-06,4.06606956870534e-06,-3.21230230774269e-06,3.71124709284743e-06
5e-06,1.48379913813485e-05,-3.92957974403051e-06,1.42915488756557e-05,-4.85954176290011e-06,1.59274264152763e-05,-4.46629243670676e-06
5e-06,-2.17053702692993e-05,6.39694242094843e-07,-2.52435333644388e-05,1.23254414991712e-06,-2.78167195070831e-05,1.19338384443168e-06
5e-06,-1.93257750169222e-05,-2.77581357141674e-06,-1.61846737213296e-05,-2.50143504121484e-06,-1.53834402086686e-05,-2.65716709133339e-06
5e-06,-8.48299579129253e-06,-2.42739706578089e-06,-6.38824852306576e-06,-2.45520581776778e-06,-5.54623615478471e-06,-2.28933188421215e-06
5e-06,1.87561226613738e-06,2.40094726683116e-06,-1.77511043779452e-06,2.56637018677985e-06,-3.27101519437045e-06,2.45469511312777e-06
5e-06,2.42797771344689e-05,7.26008678101353e-06,1.89693813292298e-05,7.45089772483996e-06,1.62311633033136e-05,7.33363408127488e-06
5e-06,-2.51111003751556e-05,-4.68298732292225e-06,-1.79611967554939e-05,-4.42236090329087e-06,-1.54125570337068e-05,-4.42431107591102e-06
5e-06,-1.60589458995095e-06,4.03152996767012e-08,-2.16756341988862e-06,8.05572510378763e-08,-2.33495948427908e-06,-1.06924049841203e-08
5e-06,6.70438755469172e-06,2.41024366659325e-06,6.93177468214984e-06,2.75138326685443e-06,6.88355640693246e-06,2.58507821958118e-06
5e-06,-1.6348771827527e-05,-6.46461087915332e-06,-1.39076149967235e-05,-6.73010154110797e-06,-1.18947068338631e-05,-6.59938826918057e-06
5e-06,5.86013054043692e-06,-2.7517748693736e-06,6.04070483617592e-06,-3.16422586481415e-06,6.80382242155771e-06,-2.90390503023529e-06
5e-06,-1.40930755461909e-05,-4.19976640707497e-06,-1.27186975342153e-05,-4.25722510144535e-06,-1.16310588480991e-05,-4.228088495573e-06
5e-06,-3.08650308043991e-05,-6.84018441582788e-06,-2.42073528564568e-05,-6.62726564051147e-06,-2.16809508734092e-05,-6.71763405901883e-06
5e-06,-1.83861632904067e-05,3.6379022893537e-07,-2.2769435482099e-05,8.96061602519895e-07,-2.5044860291793e-05,7.77270320926574e-07
5e-06,2.17367655074138e-05,5.06878630030685e-07,2.10028918091386e-05,-1.3899226195185e-07,2.12705387879699e-05,7.49825786758673e-08
5e-06,-1.12152392536941e-05,5.19389759385507e-07,-1.18273383587348e-05,1.06216422677708e-06,-1.28146940017097e-05,9.70089766348187e-07
5e-06,-2.6196436717971e-05,-1.89798450407986e-07,-2.77059352116391e-05,5.08193845765377e-07,-2.93754929250007e-05,2.8135654988385e-07
5e-06,-5.54736049333269e-06,-6.92939948954329e-06,-1.47742070138626e-06,-7.30370489265717e-06,1.62642797269197e-06,-7.14041036513189e-06
5e-06,2.24689128878983e-05,3.94694560255842e-06,1.45773048711011e-05,3.79934203545191e-06,1.15715457350816e-05,3.89145212061656e-06
5e-06,4.12071973937918e-06,9.89480044103155e-07,5.45784637415831e-06,1.06105565742868e-06,5.75779803537916e-06,1.03777045269309e-06
5e-06,3.3219120762397e-06,-2.3782294696999e-06,1.92073421148386e-06,-2.55544457489195e-06,1.9769031071773e-06,-2.41899105975414e-06
5e-06,3.24495900233322e-05,1.71899311818409e-06,2.82550357100241e-05,9.06159835611637e-07,2.77403812345893e-05,1.12825776372427e-06
5e-06,4.10996976285666e-06,-2.89695651505292e-06,8.48112501414211e-06,-3.43248623253078e-06,1.0974693309301e-05,-3.34079689563547e-06
5e-06,-8.00594640973525e-06,-2.38801259945231e-06,-6.89367370497926e-06,-2.53760169362447e-06,-6.51905777851758e-06,-2.4811535445055e-06
5e-06,4.27697910210197e-05,1.52343162772021e-07,4.09819987999811e-05,-1.08063873067987e-06,4.25472996724266e-05,-7.99803001407682e-07
5e-06,2.23853678047234e-06,4.66664339403863e-07,3.23190693730429e-06,4.53555051929468e-07,3.35751775506863e-06,5.88530110235443e-07
5e-06,3.12460662531587e-06,-1.60292187035082e-06,7.13507521752955e-07,-1.91625720640749e-06,6.1315018251775e-07,-1.79765916620383e-06
5e-06,2.48411205792693e-05,1.05807363874422e-06,2.58953783581678e-05,4.38765406505932e-07,2.70948505737407e-05,5.09416307276278e-07
5e-06,-4.25677926457084e-05,-1.81365649172007e-06,-4.26046345166881e-05,-7.78988826311019e-07,-4.37635611083455e-05,-1.06146567605732e-06
5e-06,-8.51115258461035e-06,2.14511759578335e-06,-7.98253479722481e-06,2.46052349157732e-06,-8.77020536122822e-06,2.27132670771503e-06
5e-06,-4.31548376744306e-05,-6.17945689985691e-06,-3.78159299092713e-05,-5.3445820716005e-06,-3.61230458975867e-05,-5.6225399063763e-06
5e-06,3.07560646294937e-05,-1.96138127131795e-06,3.06241288000774e-05,-3.01786953484474e-06,3.28056286128957e-05,-2.73558414625678e-06
5e-06,-1.53389138564527e-05,4.2154035786764e-07,-1.33308017700546e-05,9.70880270454418e-07,-1.34678461917845e-05,7.2320550509132e-07
5e-06,2.19402656201599e-06,-4.32525342310277e-07,-5.40520998717889e-07,-7.75691450261575e-07,-1.36140086579136e-06,-5.33571565944091e-07
5e-06,4.97937983996441e-06,-7.33317136350266e-07,6.39793414750797e-06,-1.04717910652189e-06,6.79869811652533e-06,-7.15990412012936e-07
5e-06,2.35382808706594e-05,-5.49722008544282e-06,2.37887711175271e-05,-6.85009992910162e-06,2.64698275111236e-05,-6.41080034414824e-06
5e-06,-4.82546522682033e-06,-5.39185416027761e-06,-5.346778886875e-06,-5.67769132530938e-06,-3.65153203973537e-06,-5.73360806838773e-06
1e-05,3.27607889467986e-05,6.13694411859283e-06,2.96910789004408e-05,5.22680568735878e-06,2.77852474790035e-05,5.59730944424549e-06
1e-05,4.23340447856792e-05,8.85871351598628e-06,4.15718725559279e-05,8.555669234155e-06,4.0961245542804e-05,8.48379155102451e-06
1e-05,3.79046440724228e-05,6.83388443066024e-06,3.72153509487181e-05,6.88367031587343e-06,3.70048924587007e-05,6.69550840302942e-06
1e-05,4.21349971403795e-06,1.06165669999803e-05,-6.89710415639087e-06,1.17859239167102e-05,-1.37677686053881e-05,1.15880129861489e-05
1e-05,-7.15427120558889e-06,1.73185079582589e-06,-8.9462160836104e-06,1.86945900789361e-06,-1.10284503078372e-05,1.71944515319921e-06
1e-05,4.36411576906378e-06,-7.79119267807493e-06,2.84752353750909e-06,-8.87141536066117e-06,4.56551631259657e-06,-8.22913657759897e-06
1e-05,-7.25083431577741e-05,-9.52018545514356e-06,-6.25112050623925e-05,-8.63927023589845e-06,-5.9767423026752e-05,-8.95730947182293e-06
1e-05,-6.67395841371873e-05,-1.54177265548447e-05,-5.55779687123528e-05,-1.54487678163866e-05,-5.06678732640793e-05,-1.5451602846639e-05
1e-05,-4.41619396377866e-05,-7.09950777147884e-07,-3.39760144851297e-05,5.11769657528199e-07,-3.29199058309369e-05,1.21962135871634e-07
1e-05,-7.26796152489271e-06,8.41694089849999e-06,-1.49580418042193e-05,9.65597346065844e-06,-2.08815474729951e-05,9.54145700355833e-06
1e-05,7.73980467741183e-06,1.53955333761344e-05,-3.18200270980119e-06,1.72432525112948e-05,-1.00858088418044e-05,1.63850653402125e-05
1e-05,1.7015869669947e-05,-1.69562702692185e-06,2.1785985689496e-05,-2.03712326081819e-06,2.48839970808331e-05,-1.80397386830781e-06
1e-05,-3.44480313914057e-06,2.61122147613889e-07,1.61090996792608e-07,3.29478446315325e-07,1.27098637705941e-06,2.18331373962522e-07
1e-05,-5.82656942200318e-05,-2.66564004608346e-06,-5.65371660154008e-05,-1.26199201268689e-06,-5.7526150820431e-05,-1.79293475834078e-06
1e-05,-5.734984539838e-05,-1.77639932045898e-06,-5.14706613134047e-05,-2.00447522141414e-07,-5.18295386284044e-05,-5.53318536302245e-07
1e-05,2.45413619653961e-05,5.28533711153934e-06,2.28512658809995e-05,5.38257523873952e-06,2.16094323809699e-05,5.48077667936915e-06
1e-05,-1.56413506056869e-05,-1.10886774406496e-05,-1.19562214090196e-05,-1.15925629316473e-05,-7.93056607152008e-06,-1.13366294388297e-05
1e-05,-5.91534553693747e-06,2.792459965896e-06,-5.6184727612699e-06,2.80799989286486e-06,-5.4851602919961e-06,2.48964108799983e-06
1e-05,3.48386032300303e-05,3.7781390488078e-06,3.03756461214238e-05,3.61394698357298e-06,2.92997439157866e-05,3.67638754242671e-06
1e-05,7.39450298766661e-05,1.21349178128503e-05,6.55426228200172e-05,1.15062593197913e-05,6.32151113497268e-05,1.14463851027337e-05
1e-05,2.65873929616848e-05,-2.41711062980536e-06,2.24833849330057e-05,-3.12900755771814e-06,2.37452989547545e-05,-2.98856734443538e-06
1e-05,4.36135960940957e-05,5.94371300350815e-06,3.90064951223943e-05,5.49415846974283e-06,3.78075251432067e-05,5.69675934785122e-06
1e-05,-9.32386118307002e-06,-3.79679700729262e-06,-6.21663886679043e-06,-3.71165236745529e-06,-4.36203993551969e-06,-3.657385653809e-06
1e-05,-5.29255073102123e-05,-1.47870903671424e-06,-5.66694207990491e-05,2.33536203366855e-07,-6.02116636355044e-05,1.49346501464774e-07
1e-05,-4.88549980736786e-05,7.85970245231121e-08,-4.67923524260091e-05,1.30212080489449e-06,-4.86083302877712e-05,1.11644021157869e-06
1e-05,-4.06298547473594e-05,-6.64233523734062e-06,-3.81309458214561e-05,-6.47026058118442e-06,-3.75207362608838e-05,-6.53633954268199e-06
1e-05,3.58705921007182e-05,-4.34735288179746e-06,4.53197520878594e-05,-5.92534503425062e-06,5.10947116139698e-05,-5.61849813293792e-06
1e-05,4.2327087479631e-05,-1.27232608198661e-05,5.02381285952104e-05,-1.53594667903342e-05,5.84763595671123e-05,-1.46133372816507e-05
1e-05,1.04057256206046e-05,-3.24928041288809e-06,9.04025990912957e-06,-3.50662136227771e-06,9.8496079415756e-06,-3.58820814509855e-06
1e-05,9.03358762388735e-06,3.16513105930746e-06,3.33780047617375e-07,3.23050293925396e-06,-2.80649035654754e-06,3.33157070778645e-06
1e-05,-3.38569919374678e-05,7.402686417209e-06,-2.84860740750294e-05,9.04376914642319e-06,-3.04886936035576e-05,8.33934670258177e-06
1e-05,-6.59722713890752e-05,-1.04389697011834e-05,-5.66853930980658e-05,-9.53134622689591e-06,-5.3466796952641e-05,-9.76414555343061e-06
1e-05,3.90185659114673e-05,-6.82168142268468e-06,4.45539148194194e-05,-8.51164211973636e-06,5.0542152616635e-05,-8.0766169380484e-06
1e-05,4.50981315472634e-06,6.0489380317174e-06,-3.16437195074109e-06,6.66593549683354e-06,-7.03809093939934e-06,6.28531057010328e-06
1e-05,4.20687611847715e-05,-5.16501163170683e-07,3.55976671049867e-05,-1.9648208923015e-06,3.58681239194494e-05,-1.51080907376835e-06
1e-05,1.26395455818004e-05,-3.98290729640525e-06,1.4207792882345e-05,-4.65483638821737e-06,1.62905655045966e-05,-4.22990605807232e-06
1e-05,-1.72813464604356e-06,-1.12242134513486e-06,-8.20847233085819e-06,-1.22208537750684e-06,-1.01194481251465e-05,-9.33418264261537e-07
1e-05,3.67512534734101e-05,8.19896438200058e-06,3.65684245660784e-05,7.56396556151445e-06,3.49359540568581e-05,7.76440326333052e-06
1e-05,-3.08616482287812e-05,-9.44745444280984e-06,-2.48453239171041e-05,-1.01978539655715e-05,-2.201612504094e-05,-9.86470442903424e-06
1e-05,4.22392442128364e-05,1.43761265955062e-05,3.24849957504445e-05,1.46500969555814e-05,2.69240738768954e-05,1.44202003050779e-05
1e-05,1.24340531120736e-05,-1.12789270071645e-05,1.76859815707542e-05,-1.30087752228271e-05,2.36458481715676e-05,-1.26621669609596e-05
1e-05,-5.90221561030679e-06,1.40792946861221e-07,-1.41201515345677e-05,2.91864345300446e-07,-1.78636418523759e-05,5.53674487555955e-07
1e-05,-3.9024649953135e-05,-2.5773862133754e-06,-3.63709898141249e-05,-1.34416853828374e-06,-3.62384435139352e-05,-1.72508446353023e-06
1e-05,3.39341731992536e-06,-1.09728262973207e-06,5.96995718442759e-06,-1.2506228701266e-06,7.65649390666008e-06,-1.35913733757859e-06
1e-05,4.0502848654331e-06,-4.95740713861736e-06,1.07986457750582e-05,-5.18914944878808e-06,1.46875641462423e-05,-5.12652166154423e-06
1e-05,3.07427158626244e-05,1.37220283178762e-05,2.25035642208414e-05,1.49256438304924e-05,1.77502268610586e-05,1.45925061908316e-05
1e-05,-6.05786480371294e-05,-6.90723327255515e-06,-5.17245707234072e-05,-5.17197088710175e-06,-4.83104345728984e-05,-5.9884045293022e-06
1e-05,-1.17154076968025e-05,-8.27720003394808e-07,-1.78943820896929e-05,-7.96563582060544e-07,-2.00435242071741e-05,-6.35879483754863e-07
1e-05,-1.66843727831506e-05,1.40783478646361e-06,-8.40222524960005e-06,1.81363736467916e-06,-7.09130576041683e-06,1.5877503640567e-06
1e-05,4.76954502982435e-05,2.82106832978009e-07,4.83506959997112e-05,-1.10851951141401e-06,5.1158214416877e-05,-7.97877944716258e-07
2e-05,3.34628777663678e-05,1.53836181965954e-05,4.83682273923197e-05,1.60096797134214e-05,5.05816844520862e-05,1.54957008544208e-05
2e-05,-9.10491106212611e-05,-3.44695492095291e-06,-8.9755127735136e-05,-1.46940925789653e-07,-9.14087745672937e-05,-1.14463318292247e-06
2e-05,6.79808338680798e-05,3.76169648191981e-06,8.0157914918516e-05,2.25988341437511e-06,8.58107697426577e-05,2.7430854858435e-06
2e-05,-6.10035555670096e-05,-2.64940584063906e-07,-5.95694777714841e-05,1.6957573398116e-06,-6.06016672408635e-05,7.44906795675226e-07
2e-05,-3.88287376820515e-05,-1.34434441095887e-05,-3.42599393880777e-05,-1.33387868232579e-05,-3.10553021446111e-05,-1.33916951592663e-05
2e-05,0.000126135385621402,2.47092468110896e-05,0.000107007542733654,2.40077017740384e-05,9.91793241966241e-05,2.45438771752908e-05
2e-05,1.59382744420509e-05,1.46341644887921e-05,1.30239695083242e-05,1.52632312848279e-05,7.0492052546922e-06,1.54330225554483e-05
2e-05,2.0507799863303e-05,2.90535503746414e-05,3.58357441518108e-06,3.1970458656792e-05,-1.0722814210635e-05,3.17511337873738e-05
2e-05,-9.47755615007085e-05,-6.57183826735302e-06,-8.32222581804575e-05,-5.27210671284433e-06,-8.29819728445512e-05,-5.70176876362236e-06
2e-05,-5.10562352973139e-05,-8.4902180145211e-06,-4.33510390242168e-05,-8.17651486562987e-06,-4.15576580617843e-05,-8.10620301302788e-06
2e-05,2.93879682947594e-05,-1.04698832693378e-06,4.19205183386736e-05,-1.94373422958646e-06,4.75413475024518e-05,-2.12113317319108e-06
2e-05,-1.23785133813688e-05,-5.68321526354656e-06,-4.10461384172411e-06,-6.05997675485464e-06,4.23478206306985e-07,-5.97995612280211e-06
2e-05,6.92678858413361e-05,-4.19394307442221e-06,7.01126086113421e-05,-5.89282490282245e-06,7.66425748151735e-05,-5.65692053487278e-06
2e-05,4.40796199017148e-05,-6.87821690717119e-07,6.18604223626056e-05,-1.82699772661543e-06,7.08845127848965e-05,-1.77646917135496e-06
2e-05,-0.000149755493491118,5.50947281251032e-06,-0.000140498986483707,1.09415436791824e-05,-0.000144967910060001,8.92530959712906e-06
2e-05,-0.000139368907892,-1.39844530869027e-05,-0.000126361036126008,-1.16308727177104e-05,-0.000124470532596471,-1.2556205945176e-05
2e-05,9.00180452690922e-05,8.06520324185575e-06,8.96045454198361e-05,6.31969693372665e-06,9.03811245920749e-05,6.78209501044915e-06
2e-05,5.19662519739865e-05,5.37750707682449e-06,3.21647208461923e-05,4.86886824624506e-06,2.68186687734747e-05,5.21815030082104e-06
2e-05,1.70261997136068e-05,-1.00660204370657e-05,2.85973104118635e-05,-1.18408412628561e-05,3.51560536863659e-05,-1.11888168931997e-05
2e-05,-2.69027422576416e-05,7.20670563527448e-06,-2.38913336334721e-05,8.51010623874302e-06,-2.58679361753381e-05,8.11470730962101e-06
2e-05,1.80706557923222e-05,1.30739462048588e-05,1.79194640356028e-05,1.30821273450735e-05,1.46850595290802e-05,1.30146481053971e-05
2e-05,-1.91306380108085e-05,2.64521734017935e-06,-1.86126517558983e-05,4.49810499631613e-06,-1.91309888749873e-05,3.70911418464495e-06
2e-05,-7.37069619309861e-05,-1.31410418850934e-05,-6.50573004037602e-05,-1.26346504974352e-05,-6.25800861828687e-05,-1.20902289653914e-05
2e-05,-0.000119498890857172,5.28985453804057e-07,-0.000128052785048112,4.34448382224208e-06,-0.000136038374185165,3.48142052521976e-06
2e-05,-0.000128712490633016,-1.9450579325474e-05,-0.000119696650453286,-1.78379049693202e-05,-0.00011593436904727,-1.86617396078112e-05
2e-05,-3.78739413297173e-05,9.51419010335755e-06,-3.5712855288538e-05,1.17186629865297e-05,-3.84812937074016e-05,1.01007866231443e-05
2e-05,7.81546329064712e-05,1.03589982634547e-05,7.60790857550632e-05,9.13761152988927e-06,7.66078122322057e-05,9.14520222386835e-06
2e-05,1.83541025588844e-05,2.70105391931143e-06,6.29029560089984e-06,3.17898878301042e-06,2.69384816258853e-06,2.79798870100575e-06
2e-05,3.87601619706139e-05,-2.05081741396239e-06,4.46885752678561e-05,-3.87628171777767e-06,4.95049175523964e-05,-3.29509674241109e-06
2e-05,-1.7694502319825e-05,1.3065973994202e-05,-1.86449890925349e-05,1.50929215091577e-05,-2.32719591361794e-05,1.42627469567269e-05
2e-05,7.59863067069077e-05,7.98159269493373e-06,6.12302155912292e-05,6.25736405449645e-06,5.83340713180705e-05,6.6893340307669e-06
2e-05,-6.03220858396187e-05,-2.84407970184921e-05,-4.79588124639758e-05,-2.90246283092441e-05,-3.77481502285187e-05,-2.91624717549368e-05
2e-05,5.23584062718179e-05,1.75118813328436e-06,5.90182198103893e-05,1.93175348590343e-07,6.27538204663847e-05,3.44897722342899e-07
2e-05,-0.000151586003793851,-1.84066202590516e-05,-0.000140197246961783,-1.75140835772605e-05,-0.000138606986592439,-1.73672059001783e-05
2e-05,8.31414415731538e-06,3.09313907954393e-06,1.01186297348915e-05,2.15698268094773e-06,9.16649911951927e-06,3.01714869942397e-06
2e-05,6.47060149140749e-05,-1.47066404587025e-05,6.84837279267463e-05,-1.7556043418571e-05,7.87041066182704e-05,-1.69291870990496e-05
2e-05,-6.90150809077806e-06,8.29413639413616e-07,1.43166613679387e-05,8.72744914367522e-07,2.02792439774923e-05,7.29821877963923e-07
2e-05,-0.000231832572161729,-2.2559195014261e-05,-0.000216990679320034,-1.7700271000487e-05,-0.000215885135415341,-1.89697885584049e-05
2e-05,5.90931109528633e-06,8.06773632997313e-06,3.85187153295691e-06,7.93573227073596e-06,-1.6131907428933e-07,8.45968662658942e-06
2e-05,1.05002863603344e-05,-8.38673620807696e-06,3.36872546887868e-06,-9.66657334111081e-06,3.67350192297316e-06,-9.05691726230928e-06
2e-05,-1.34313598710423e-06,4.29335700986194e-06,-9.61406548096362e-06,4.59554453762307e-06,-1.40628155333351e-05,5.01410046533215e-06
2e-05,-0.000122996689845877,2.1215849048695e-06,-0.000114653576841324,5.39551184351745e-06,-0.000117960680041369,4.28505835307488e-06
2e-05,-0.000104300478976499,-3.37604619149559e-06,-0.00012773391871487,-4.94276868377846e-07,-0.000137887885086871,-9.24909107009003e-07
2e-05,-7.88209974766467e-05,2.07809188287301e-05,-0.000101728838627409,2.54596686340166e-05,-0.000118200510884465,2.4251797863892e-05
2e-05,0.000106924144414052,-8.59854970561136e-06,0.000108196673449442,-1.24882882204774e-05,0.000114871705616413,-1.12400888818516e-05
2e-05,-4.80282061199635e-05,-8.78085048523985e-06,-4.18806023958177e-05,-8.99328871412596e-06,-3.93929171719406e-05,-8.95799598951087e-06
2e-05,0.000119839852506521,-1.59881092699198e-06,0.000129751745709506,-4.58553359837698e-06,0.000140674107927761,-4.5753250884935e-06
2e-05,-1.65848785627161e-05,-6.19024674771324e-06,-1.37967924890446e-05,-6.00054864862152e-06,-1.14430418915945e-05,-6.05459229438113e-06
2e-05,3.12187859263177e-05,2.1994440719036e-05,1.72156183141809e-05,2.3168087941166e-05,8.33234292738259e-06,2.26795667038404e-05
2e-05,-6.33521065067706e-05,-2.22323514957685e-05,-5.69770114106543e-05,-2.28140093734355e-05,-4.99490993563865e-05,-2.28400975156135e-05
5e-05,-0.000327367336647867,7.39250574507011e-06,-0.000306741302341637,1.68763725130867e-05,-0.000320150580863232,1.45842607850094e-05
5e-05,-0.000473288214034083,-1.91616449617973e-05,-0.00044627295474536,-6.24125899002313e-06,-0.000452625316939073,-9.09049913007431e-06
5e-05,1.87455328409684e-05,1.92090709787911e-05,2.23758047862745e-05,1.92948089021268e-05,1.55327965883228e-05,2.11202613177672e-05
5e-05,-1.7250171891223e-05,-4.13781603094305e-06,2.49734468051565e-05,-3.34211808065762e-06,3.78928771712656e-05,-3.71911491073886e-06
5e-05,9.81506984969557e-05,-1.08078396119776e-05,0.000119887330626898,-1.63943050994001e-05,0.000134708554543097,-1.57624670986245e-05
5e-05,0.000137581812367727,6.20823064918783e-05,0.000110523269921097,6.72761552003887e-05,9.06357613235878e-05,6.5919546382294e-05
5e-05,0.000291636667692944,7.39802748995601e-05,0.000297404634766196,7.36387114285549e-05,0.000290404475212246,7.26365455413409e-05
5e-05,-8.76113195122776e-05,-1.27872351219488e-05,-9.83928638894596e-05,-1.18319620037535e-05,-0.000102209476816359,-1.05622222985468e-05
5e-05,0.000169186855913713,5.50096119885629e-05,0.0001143209212777,5.53855482470282e-05,8.91178299068172e-05,5.52233675341028e-05
5e-05,2.77677234703422e-05,5.1776237876318e-05,3.22238168692228e-05,5.71458894919963e-05,2.18802964877826e-05,5.45166486426488e-05
5e-05,0.000147246064723458,-2.29187680968488e-05,0.000160109546635615,-2.91142593452537e-05,0.000176765791672794,-2.71975389691013e-05
5e-05,-0.00012900430642209,-3.6464775699715e-05,-0.000106274779061775,-3.66104589551238e-05,-9.63178015763727e-05,-3.58470283494077e-05
5e-05,-1.55372082685066e-05,7.30243855561774e-06,-2.77349310639183e-05,6.20944516427546e-06,-3.59586898515843e-05,7.41726031490782e-06
5e-05,9.27348423088331e-05,3.44882481293085e-05,8.68246443566216e-05,3.63325855744089e-05,7.88119639394041e-05,3.48962767302203e-05
5e-05,-6.44508617645805e-05,1.10047698135018e-05,-6.07930181731385e-05,1.58297516741341e-05,-6.38834944691089e-05,1.28821860480792e-05
5e-05,-0.000274670858943351,-5.61445306927543e-05,-0.000199304408358769,-5.37303279107143e-05,-0.000170537728381707,-5.50804199992487e-05
5e-05,0.000153087775245382,-1.1423118283575e-05,0.000139563568619803,-1.94731980748763e-05,0.000142585804797025,-1.67074559333956e-05
5e-05,1.25908396402617e-06,-2.41683712001721e-06,-9.41867095691836e-06,-1.49470322555265e-06,-1.13413938405591e-05,-1.1033522754847e-06
5e-05,-0.000214423844399964,-4.84931930119357e-05,-0.00018233557937393,-4.55493244153564e-05,-0.000165080373828735,-4.64744501307907e-05
5e-05,-0.000209808010089229,-3.84597398822636e-05,-0.000190355811379049,-3.74101549508755e-05,-0.000184766982353255,-3.66795469745964e-05
5e-05,0.00015582121274925,7.2483410876487e-06,0.000112426126179391,1.98488842648902e-06,9.87875953856029e-05,5.38878980705914e-06
5e-05,1.4592598466967e-05,2.11247435541573e-05,2.67040255255006e-05,2.37618687253489e-05,2.39457310826857e-05,2.2726116547287e-05
5e-05,0.000198106041179582,2.84384509392521e-05,0.000185572863165738,2.68590436698446e-05,0.000184451114622882,2.58900372182715e-05
5e-05,-8.28854497688862e-05,3.95182180621659e-05,-0.000126301436575068,4.553980703114e-05,-0.00015464685574654,4.36311844609774e-05
5e-05,4.8542275890628e-05,5.76496193539671e-05,4.76532300460365e-06,6.36259583121319e-05,-2.31673077469572e-05,6.08452485859943e-05
5e-05,0.000218153368990302,3.00719002757346e-05,0.000199532297036299,2.78704896852117e-05,0.000196482485009883,2.70259649151757e-05
5e-05,-0.000158455060251403,-2.39779710987535e-05,-0.000144870840853885,-2.18734019991064e-05,-0.000138331256665061,-2.26689542138423e-05
5e-05,9.08731829466506e-05,1.07895351479512e-05,8.34724254371045e-05,1.0866356814068e-05,7.86686129753269e-05,1.08170555865794e-05
5e-05,-0.000147622812173379,-5.45054260721644e-05,-0.000108636004539979,-5.70399044379379e-05,-8.65589545882617e-05,-5.55340712024991e-05
5e-05,-0.000126031659313285,-4.21654408657665e-05,-8.46370754143744e-05,-4.20930619142371e-05,-6.01334358289006e-05,-4.32316751468352e-05
5e-05,0.000487217859734851,8.56174002779574e-05,0.000455780148020752,8.08445925696854e-05,0.000444918398625536,8.0406646183393e-05
5e-05,0.000324177421426321,1.03913746433283e-05,0.000342571748639515,3.28407291299859e-06,0.000360610270243275,4.37422027626336e-06
5e-05,-0.000253520226292267,3.16169769000167e-05,-0.000287218517045196,4.25441713668169e-05,-0.000322091656233002,4.11704488629595e-05
5e-05,-8.42515679181814e-05,-5.94251362346217e-05,-5.09343960850694e-05,-6.11962549539635e-05,-2.6334519907385e-05,-6.06198060175324e-05
5e-05,-0.000128200333337728,-4.48896470549339e-06,-0.000131418488143769,-1.07353766881179e-06,-0.000141307242691597,-9.16696188324719e-07
5e-05,0.000184920828502254,2.50336664911463e-05,0.000161612135976493,2.38337623786034e-05,0.000156683495204438,2.41275791353851e-05
5e-05,-0.000194591779219367,3.09380975774978e-05,-0.000221321065887676,3.92064204073581e-05,-0.000243345115482734,3.56488855656171e-05
5e-05,0.000114821846287708,-1.96334628857925e-05,0.000137932372319452,-2.49037618226628e-05,0.000152748406323545,-2.13319674045263e-05
5e-05,0.000101755099019559,-3.78336771725358e-05,0.000104894703105958,-4.52221107195728e-05,0.000124078651959537,-4.25508256800425e-05
5e-05,-0.00035054288779316,2.15233249351894e-05,-0.000313594825537374,3.54148696029321e-05,-0.000325576521491528,3.14313717650686e-05
5e-05,0.000227703107274515,-2.48341295356084e-05,0.000258290905252283,-3.18633304308513e-05,0.000290983895065372,-3.20255935932063e-05
5e-05,0.000561886927959364,4.26757949408089e-05,0.000525959332896489,2.97919124287194e-05,0.000527455783210858,3.34285565620994e-05
5e-05,-0.000164348510750348,-8.54055342729082e-06,-0.000181873502315859,-4.22308438894183e-06,-0.000196280173577434,-3.91753286755551e-06
5e-05,-2.30475810910872e-05,5.78391604755267e-06,-4.4280154956662e-05,6.02784957064291e-06,-5.27418537129482e-05,5.35975056687382e-06
5e-05,-0.000172996640013401,-4.5946974200135e-05,-0.000163900952046748,-4.41131221054455e-05,-0.000154121139468004,-4.41015273113749e-05
5e-05,-2.18627783166942e-05,-3.38698190888925e-05,3.17463413488712e-05,-3.49805190348191e-05,5.90424699411917e-05,-3.54979149925357e-05
5e-05,0.000106620631507829,4.16226475210698e-05,8.61735674231319e-05,4.33432693870398e-05,7.19743116273465e-05,4.1860607048342e-05
5e-05,0.000227842387188521,2.11429239532903e-05,0.000213605782555072,1.83824258603315e-05,0.000216280515605831,1.85598011536979e-05
5e-05,0.000147652533414332,-1.15293110424851e-05,0.000160845265636461,-1.70444542676775e-05,0.000177598347585172,-1.64655980873326e-05
5e-05,-6.92449400855156e-06,1.79378434153158e-05,1.61135894711603e-05,2.06778220100389e-05,2.03540203632619e-05,1.9009197022163e-05
0.0001,0.000387665753995622,-7.58282905080264e-05,0.000327289909400052,-9.06398995181944e-05,0.00035279001011809,-8.55480859271921e-05
0.0001,0.000107288880400685,-4.20098677203982e-05,0.000143343695124668,-4.96925570672277e-05,0.000168953762488405,-4.72463826791984e-05
0.0001,1.382416530531e-05,0.000129628443050871,-0.000109361248934784,0.000139523960444565,-0.000195426616487541,0.0001398467241484
0.0001,0.00027945060167007,2.09118929094267e-05,0.000311703941331796,1.54206496051279e-05,0.000325538314601009,1.8251130396844e-05
0.0001,-0.000179314148442243,3.5091423776931e-05,-0.000221563342002137,4.5305136694319e-05,-0.000256886626052261,4.53300270444748e-05
0.0001,0.000300910849399712,-6.45149691238406e-05,0.000400843317207376,-7.86454074176594e-05,0.00047384284719701,-7.88335223923383e-05
0.0001,-0.000405123728072801,-5.40700677526683e-05,-0.00043360861079601,-4.65183112076931e-05,-0.000446867492927224,-4.66691045543853e-05
0.0001,0.000485268677698334,4.16795443976072e-05,0.000411599135453881,3.51725644392558e-05,0.000398290398043174,3.65980607091737e-05
0.0001,5.5710655147287e-05,-3.64412308306854e-05,4.88252613408167e-05,-4.41713830053719e-05,5.53601574006813e-05,-4.04048286196513e-05
0.0001,-0.000101161514048025,8.56050976150068e-05,-0.000141796674015644,9.65735251748337e-05,-0.000182136179359565,9.22259910864565e-05
0.0001,-0.000290533845932838,9.0951766556095e-06,-0.000265558640546185,1.74809154077559e-05,-0.000275415559383347,1.88786762696651e-05
0.0001,0.000111852743083597,-8.0623386468454e-06,0.00014846428536027,-1.38944868792448e-05,0.000167757209682888,-1.16772578772557e-05
0.0001,0.000279945728841968,7.76615383758099e-05,0.000213651221721289,7.44912032185483e-05,0.000185030606923392,7.50598554584257e-05
0.0001,0.000345491929472619,4.12250213914629e-06,0.00032967171697653,-8.38761440756738e-06,0.000332270351982764,-2.30535507749184e-06
0.0001,-0.000274062423472603,-0.000116292579892051,-0.000186645347123195,-0.000119154469683779,-0.000128535063495453,-0.000119516941153897
0.0001,0.00047770129007143,6.42982423542463e-05,0.000397181388100539,5.84045358293275e-05,0.000385724912988764,5.60633722018666e-05
0.0001,-0.000436350671397042,2.82264580790823e-05,-0.000396033582075402,4.59394715772713e-05,-0.000414090907221868,4.04426908107274e-05
0.0001,8.85446340413677e-06,-5.00453538110124e-05,9.01339168889929e-05,-5.66486616672443e-05,0.000130818770247311,-5.53028775561056e-05
0.0001,0.000111464417380244,3.57146060903508e-05,7.36998404309906e-05,3.57157477634441e-05,5.95073811828468e-05,3.57883106374277e-05
0.0001,3.39258420055342e-07,2.51119025797917e-06,4.8904141107827e-05,5.23352056398177e-06,5.99482729050619e-05,5.43606478879601e-06
0.0001,0.000568083892592505,-1.10927188013312e-05,0.00057800530930125,-2.9012917821183e-05,0.00060488766989328,-2.3689949672798e-05
0.0001,-0.000546264939708741,-5.92313069075229e-06,-0.000540858555238973,1.18638059822269e-05,-0.000551709636733586,5.34869492704849e-06
0.0001,0.000283425820520683,-1.8036659661316e-05,0.000206512533681746,-2.60964808555332e-05,0.000202690611841527,-2.57788077638452e-05
0.0001,-0.000770404615968993,-1.94302729044598e-05,-0.000781815995006111,5.37451157351735e-06,-0.000818020080681881,1.44807771634494e-06
0.0001,-0.000427342859485772,-5.66428482677377e-05,-0.000392907289846557,-5.2028244796403e-05,-0.000383901896857361,-5.37865543329296e-05
0.0001,-3.86041539368496e-05,-1.33604667561797e-06,-4.56434637195373e-05,-1.65155844922227e-06,-4.75936492037152e-05,-2.49417408054776e-06
0.0001,-0.000558851979084623,-0.000152894551500289,-0.000492851798674426,-0.000153492344493045,-0.000451395797475093,-0.000153879793824092
0.0001,0.000560453911334798,-0.000121284063210819,0.000620701532346551,-0.000149704785748089,0.000697174622416595,-0.000141760836089608
0.0001,-0.000402166416588823,-2.37576866608272e-05,-0.000328265317303718,-1.71219271566089e-05,-0.000322796142992407,-1.60431443303275e-05
0.0001,-0.000470992584644222,2.91974634481425e-05,-0.000383970203739693,4.3448695939786e-05,-0.000391567926280962,3.94345091923565e-05
0.0001,-0.000139280945675716,3.97796942025535e-06,-0.000177253364019887,1.39223771220488e-05,-0.000200231129798157,1.26676438969533e-05
0.0001,0.000449687330746071,3.06127382218683e-05,0.000419249642562814,2.20799410199181e-05,0.000420956488279544,2.63424368791831e-05
0.0001,-8.44212238161059e-05,-7.57455198625938e-05,-2.42303032004604e-05,-7.96259355153757e-05,1.88685290138836e-05,-8.07123640728706e-05
0.0001,-3.9709702804539e-05,-2.90599622014724e-05,-6.68926780966504e-05,-3.17346540087377e-05,-7.14805389448278e-05,-2.97383025449895e-05
0.0001,-0.000218600910160067,-9.94932192693552e-05,-0.000207669746952414,-0.00010490737709377,-0.000183585293410571,-0.000103308779029439
0.0001,-0.000308030859116727,4.72363091085185e-05,-0.000342792455507932,6.30653528036716e-05,-0.000383495000093059,5.90761386907556e-05
0.0001,0.000287192516396907,1.84679735862341e-05,0.000323869298754343,1.43035466047697e-05,0.000349206781228478,1.08030411796797e-05
0.0001,0.00121085025371195,0.00014614048747309,0.00105804123823442,0.000130069596372907,0.00102481364463128,0.000133121361009033
0.0001,0.000184061164866995,4.80965289589207e-05,0.000128378092564319,4.55757495960451e-05,0.000106057615889298,4.7378302938608e-05
0.0001,0.000105719194926637,-3.72130320077907e-05,0.000122325840500805,-4.46336515604127e-05,0.000140894804213477,-4.27070058060395e-05
0.0001,-0.000593544329389073,6.91515904421254e-05,-0.000609983357000262,9.61311335866111e-05,-0.000658682216946783,8.8218581781722e-05
0.0001,-0.000372883157655584,-0.000168100200365899,-0.000291398144033153,-0.000174615651487828,-0.000234118427527821,-0.000170482496649411
0.0001,-0.000685471373707355,-0.000140668721392396,-0.000600192828710539,-0.000136921560418547,-0.000568408515579289,-0.000134574873420565
0.0001,0.000621257500965702,0.000123299315947848,0.000618015585932278,0.000119338421897392,0.000604786502725558,0.000120050024417911
0.0001,-0.000159640195186502,6.88433521130048e-05,-0.000142295389525923,8.02051185335181e-05,-0.00016544809385813,7.66520984351678e-05
0.0001,-0.000326666637385836,1.2044723553941e-05,-0.000349445051166051,2.24439981112864e-05,-0.000383383995446331,2.09182214232151e-05
0.0001,-0.000480381736589318,-1.29011535535378e-05,-0.000385735549146632,-4.64821558880524e-06,-0.000372571161917128,-8.84969069381869e-06
0.0001,-0.000487462727349938,-0.000160872220686637,-0.000445684654739589,-0.000162799198368421,-0.000409131056927964,-0.000160102494032184
0.0001,5.83106560581786e-05,-5.25630594090433e-05,3.83450204396518e-05,-6.19001273332768e-05,5.10666247764846e-05,-5.83409251228168e-05
0.0001,0.000282874024480432,4.37230510958499e-05,0.000249072590195947,3.49575712393323e-05,0.000228765808805881,4.1225093923506e-05
0.0002,-0.000419166218010775,-0.000106664168180253,-0.000413775237419685,-0.000115204286892199,-0.000401582969821438,-0.000110120450799699
0.0002,0.000359177796724129,0.000177706097270147,0.00029936104558406,0.000189287287278166,0.000253803902796777,0.000185557279151286
0.0002,0.000953097466892796,-8.25634542525334e-06,0.00110047771094615,-4.0642897909895e-05,0.00120065612456025,-3.75799319326873e-05
0.0002,0.000431517103076869,7.95265098510869e-05,0.00047722087005118,7.34589520798533e-05,0.000488707591690109,7.23111402391935e-05
0.0002,-0.000292487778888712,-5.68637616642998e-05,-0.000184631028577933,-5.36281574906636e-05,-0.00014288303436988,-5.79106046722731e-05
0.0002,0.000809327470491782,1.0444664897203e-05,0.000767204198221293,-7.03989717055327e-06,0.000794294855130042,-5.38030725079296e-06
0.0002,-0.000100831559058567,9.04845607852958e-05,5.25926515563167e-05,0.000108483158444172,7.83322377250666e-05,9.67147765563824e-05
0.0002,-0.00119443785769957,-0.000200766179258825,-0.00112654620998608,-0.000188957127002712,-0.00109227789193792,-0.000194820244466585
0.0002,-0.000339131464758868,0.000159444535470279,-0.000433500847973327,0.000180381980150819,-0.000542080747420653,0.00017880193353131
0.0002,-0.00156170727738805,-8.92319711930936e-05,-0.00149310977598874,-5.55770187192252e-05,-0.0015332262271225,-6.15084371727297e-05
0.0002,0.000646280360677026,-2.72688265020108e-05,0.00058974718151002,-5.22570538872945e-05,0.00059226145739553,-4.15628495072091e-05
0.0002,0.000588741294508295,2.85030427961192e-05,0.00057953160727643,5.58793036762196e-06,0.000579056091986318,1.72082754111955e-05
0.0002,0.00169723730555698,0.000159969294377913,0.00155929101200035,0.000129582034957994,0.00154135443531903,0.000140638530672132
0.0002,0.000175642005286215,0.000146087867348361,0.000142940886221625,0.000168588596043957,9.7489577613121e-05,0.000160629493994302
0.0002,5.89118498180648e-05,0.000125287694429409,0.000182528962945038,0.00013380549482519,0.000173992760877945,0.000130622412264579
0.0002,-0.000477707338530946,3.65737839266304e-05,-0.000425957209377662,6.08140932586537e-05,-0.000449434598590015,5.22048272828565e-05
0.0002,-0.00153302863794694,-2.37962996051749e-05,-0.00153499194625019,1.65250425397367e-05,-0.00160851942418011,1.26092161771743e-05
0.0002,-0.000337339484827966,-0.000258265409697209,-0.000195402437329543,-0.000274872740223842,-8.71431718795138e-05,-0.00027198295962497
0.0002,-0.000666323240185248,-5.69201270253566e-05,-0.000572897615753767,-4.63011688192806e-05,-0.000545733609975925,-5.29062924863903e-05
0.0002,-0.00102487016218849,-0.000159620762295062,-0.000908428286141637,-0.000146593899836732,-0.00087879774943433,-0.000146260278661379
0.0002,-0.000225391510785167,-8.594913882352e-05,-0.000143278786561908,-8.83062311893552e-05,-8.85780405438222e-05,-9.02074722824448e-05
0.0002,-0.000360933719993716,2.524117455487e-05,-0.000381723362682567,3.60002551550688e-05,-0.000412646326325793,3.44312520238662e-05
0.0002,0.000555258027874371,5.57281918320722e-05,0.000474043211824609,4.7104262448119e-05,0.000463407153473997,4.90694151475511e-05
0.0002,-1.20125944349568e-05,1.16884269459451e-05,-6.44933256691061e-05,7.5542997434343e-06,-8.59228827934594e-05,1.09384205499042e-05
0.0002,0.000539857839192804,5.62964935872683e-05,0.000568566242691624,4.30006143512045e-05,0.000585193917732746,4.55622298909952e-05
0.0002,0.000498820794061104,9.36985191984578e-05,0.000412524926109356,8.12677122228165e-05,0.000358271883478758,8.84218227384148e-05
0.0002,-0.000985372207536166,-0.00017349999426762,-0.000885692869443432,-0.000168148789566224,-0.000861845738639776,-0.000158978160572012
0.0002,0.00123085561992837,0.000190457261576684,0.00101045598916811,0.000176571883665871,0.00095816053572039,0.000174534892798039
0.0002,0.000135467754663459,6.74106947932348e-05,0.000148403941368464,7.11171112291308e-05,0.000148614671337166,6.43691248019459e-05
0.0002,0.000496517933839809,3.18019894906548e-05,0.000524042758746755,3.02801143912741e-05,0.000538765008357229,3.32004958417305e-05
0.0002,0.000285608299483938,2.79598949363886e-05,0.000363554169900109,1.88409879441156e-05,0.000386739354939559,2.5792989043716e-05
0.0002,-0.000616079064776508,-5.855511784941e-05,-0.00051844636471299,-5.2092918639198e-05,-0.000501957229736955,-5.48139445522844e-05
0.0002,0.000683945203605354,1.16561430039136e-06,0.000603909744897536,-2.56585321454901e-05,0.000598708453771422,-1.44379822859752e-05
0.0002,0.000301550831324459,-5.89734641290816e-05,0.000299626238795472,-7.07914060584623e-05,0.000336083828263262,-6.67743439244147e-05
0.0002,-0.00101788557240241,-0.000228687900541596,-0.000926533181667529,-0.000228523280007247,-0.000880182212796288,-0.000230027521357959
0.0002,0.000316873942062788,-9.5235660290984e-05,0.00039406062387083,-0.000103228808326515,0.000458967644380337,-0.000103816018624558
0.0002,0.000287496351192099,0.000106841098881139,0.000392894804428576,0.000112150018888123,0.000411276947771011,0.00010383460149435
0.0002,-0.000675100034840062,2.81545640978112e-05,-0.000733492224046991,5.51196003219652e-05,-0.000798406317612302,4.66531198736441e-05
0.0002,-0.00090763164723647,0.000130550213060129,-0.000842055354431313,0.000176775754254242,-0.000889047842457789,0.000156377781503629
0.0002,0.000263690982785549,-3.50916189271478e-05,0.000281195131872997,-4.60659069000325e-05,0.000302431063351914,-3.96451544131209e-05
0.0002,0.000812615838850561,6.05325940475106e-05,0.000788815734649932,4.28884357666666e-05,0.00081403621441309,4.60717655062576e-05
0.0002,0.00033105882925426,4.3991603809955e-05,0.000367597370775736,3.92316874002908e-05,0.000379334599609565,3.49963018095279e-05
0.0002,-0.00109944423574796,3.20905155164854e-05,-0.00112588641331935,6.74950829751156e-05,-0.00119940530987716,5.65441827567573e-05
0.0002,0.000551736913493393,0.000181318641516895,0.000604989778182982,0.00018976854701689,0.000602088813315989,0.000179870401622468
0.0002,0.000331501049761125,-0.000153248673381252,0.000291774881661859,-0.000183336371542706,0.000339481160263154,-0.000173141773901806
0.0002,0.000173563554081504,0.000132284431777205,0.000147424632349604,0.000136476363456309,0.000103251478583764,0.0001340815523038
0.0002,-0.000719261199654801,1.62568004710117e-05,-0.000686001477430455,5.11928902201037e-05,-0.000707622173311336,3.97914049672918e-05
0.0002,0.00073159583364533,0.000122854201620142,0.000751495748791543,0.000115949051554068,0.000752534096701719,0.000118164387555702
0.0002,0.000652494053095388,-0.000105725040448869,0.000814554238793398,-0.000136170313636673,0.000925976061725514,-0.00013175943150981
0.0002,0.000734015511014875,0.00028452574874625,0.000476200846277014,0.00029397727742992,0.000348901608495047,0.00028631948794353
0.0005,-0.00214182373232142,6.06780005122082e-05,-0.00230934467950386,0.000120577035642754,-0.00250239610920845,0.000116158129958193
0.0005,-0.000629317343192424,0.000373903341322448,-0.000793419063298265,0.000431414084667579,-0.000997823007320126,0.000417483143251569
0.0005,-0.00191257881808543,-0.000241538316590064,-0.00157279886007632,-0.00020826192549407,-0.00145187171593128,-0.000219254528457205
0.0005,-0.000995604711505173,-1.41774351531275e-05,-0.000972659635578529,-4.58298854318068e-06,-0.0010367161248768,6.18802686637251e-07
0.0005,-0.000565875462374817,-0.000249588977631823,-0.000239512356634813,-0.000250538378016558,-7.81811447012268e-05,-0.000256355988254955
0.0005,-0.00413682759062579,-0.000377469344788201,-0.00390543034098829,-0.000296219375336471,-0.00388480430534495,-0.00031822489541982
0.0005,-0.00216407019109512,-0.000468670044566717,-0.00168861212178104,-0.000460958270898834,-0.00150921678506581,-0.000460518900010356
0.0005,0.000400236695817811,0.000223106950586965,0.000327682915266455,0.000242633598055782,0.000242931989451328,0.000241307618240456
0.0005,0.00136643550395073,0.000248670884390227,0.00130022588811546,0.000237290266388144,0.00127920813036394,0.000227245432471303
0.0005,-0.00186415888151335,0.000412030680003156,-0.0017818822876384,0.000517175762329838,-0.00196570174942581,0.000477269774218438
0.0005,0.00507490935817252,0.000439806808349182,0.00456483373008628,0.000348432362577903,0.004511379117491,0.000367419859145131
0.0005,-0.00211590111634354,-0.000772528396601689,-0.00179421121330204,-0.000796760807876148,-0.00155795710821928,-0.000788428910099715
0.0005,0.00043418269859808,-0.000104041073101915,0.000731775147638512,-0.000125893480921149,0.000864234414944905,-0.000119298566701087
0.0005,0.00113190231319835,-0.000293034319951067,0.000806905013817448,-0.000351640938583695,0.00083826623560761,-0.000317906930519059
0.0005,-0.00423777950464979,7.36803387215672e-05,-0.0043380967770961,0.00019405823935576,-0.00459135468064157,0.000160425804190305
0.0005,-0.00224386728697303,-0.000589935482872483,-0.00204935118721177,-0.000586792247230147,-0.0018941116953983,-0.000583926597221873
0.0005,0.00169893893068353,0.000575631848912599,0.00136007660736039,0.000583994580659969,0.00116417351753974,0.000576368397694231
0.0005,0.00290566831092772,0.000716722772798464,0.00255899005141511,0.000713680937975478,0.00235265503956842,0.00071930328949126
0.0005,0.00249184124718598,0.000335105375528896,0.00203492986097437,0.000295821166835982,0.00191080129057034,0.000306450172535315
0.0005,-0.00159056316903482,0.000208587945635813,-0.00181984955983893,0.000296778309511768,-0.00200589163236363,0.000265658421425561
0.0005,-0.00267766397726106,-0.000443354615402964,-0.00250466306547853,-0.000404260739550614,-0.00245223362454462,-0.000407184889985545
0.0005,0.00127856780478374,0.000476636318054863,0.000812680243664764,0.000489738020781309,0.000576086408620364,0.000484604472333575
0.0005,0.000788891104663399,0.000197593427408936,0.000580750655555591,0.000196336579937778,0.000466166597421953,0.000200146445017854
0.0005,-0.00144178360686906,0.000282667461712295,-0.0017399830155418,0.00035225573998168,-0.00197676255350532,0.000333509245716745
0.0005,0.0035864028717989,0.000454246553504929,0.00315791932997775,0.000405457648546876,0.00302591810064636,0.000427183001400135
0.0005,0.000855722592745693,-1.800278821007e-05,0.000644470315067804,-5.6067957182531e-05,0.000611908195727089,-4.41589164376432e-05
0.0005,6.9067894709751e-05,-0.000292728218397964,0.000461244769976653,-0.000332264044489442,0.00062398481114919,-0.000307782398830274
0.0005,-0.000309333292391471,1.94053184462923e-05,-0.00030666086194115,2.84634778645949e-05,-0.000371076459844974,4.06474696439094e-05
0.0005,-0.00212707399688615,0.000257069937973851,-0.0023282168192655,0.000350600374967905,-0.00255000036681782,0.00031564046170721
0.0005,0.000688494523952844,-9.12082080767887e-05,0.00103993598394897,-0.000121710032759687,0.00120260105036011,-0.000114799422276674
0.0005,-0.000945018996899783,-0.00045762088111202,-0.000505941808719592,-0.00046896899966077,-0.000313060496342433,-0.000454462592360154
0.0005,0.00371427006948558,0.000755662046406562,0.00299790322193721,0.000739803009818314,0.00268997946330682,0.000747546856490979
0.0005,-0.000174353797560289,0.000188780808757306,-0.000455358987678597,0.000217165862127338,-0.000573719319915419,0.000203367167733198
0.0005,0.00119737334683943,0.000375635385065312,0.00104198580392747,0.000368010895887085,0.000936236851637149,0.000370894390797562
0.0005,0.00155034379946717,0.000245723085418966,0.00163776677941121,0.000235505738871306,0.00163552796116023,0.000238866232765304
0.0005,0.00298897002021607,0.000349874869440744,0.00312536556825913,0.000315851790308578,0.00325833863943837,0.00029572555031014
0.0005,0.00215282843969004,0.00038837429623488,0.00199400792275301,0.000352989083939808,0.00188498466803387,0.000360259693709833
0.0005,-0.000383892572676943,-0.000254267932758296,5.08663300023074e-05,-0.000251163592654128,0.000223529332332431,-0.000257743043063148
0.0005,-0.00254065235055714,0.00018391577728908,-0.00265091384855673,0.000269429011963743,-0.00285270104382623,0.000246263196659717
0.0005,-0.000591371279683516,8.36593587464904e-05,-0.000414200454202066,0.000126343019757328,-0.000406495943029491,0.000109662058812181
0.0005,-0.000727049295720159,-0.000606410356362444,-0.000686075704142855,-0.000646192810843248,-0.000576322729489148,-0.000608319739759615
0.0005,-0.000319801301996351,0.000143765242172116,-0.000890028595634889,0.000176930854461497,-0.00108741754606479,0.000165417994160153
0.0005,-0.00124063415324587,2.62507000256502e-05,-0.00135823627289351,6.86846046717756e-05,-0.00148633344938727,6.97603240384066e-05
0.0005,0.00284521735318523,-0.000232617780908145,0.00298373611814507,-0.000320747581966535,0.00324642164734515,-0.000306906515481385
0.0005,0.00062078128878365,-0.000267935818359991,0.000994685845959177,-0.000333431160245754,0.001206229606661,-0.00030598761241941
0.0005,-0.00163624498745446,-0.000528888164557788,-0.00148587161122687,-0.000522413361728275,-0.00134124797584642,-0.000513473057246833
0.0005,0.00176425854435196,0.000184491795861013,0.00181447393479492,0.000173891984987325,0.00187080982860577,0.000161141806127658
0.0005,0.00212278052886941,0.00039038507741036,0.00174933787193188,0.000369780541903183,0.00157939822447332,0.000385579169033607
0.0005,-0.00186410784676546,-0.00035480055032962,-0.00163948922831036,-0.000318593321919361,-0.00150117165276565,-0.000347656741658364
0.0005,0.000355022499435693,-0.000182111173088429,0.000264709051425303,-0.000212463538819973,0.000295164841207795,-0.000198765339672434
